{
    "$schema": "https://schema.management.azure.com/schemas/2015-01-01/deploymentParameters.json#",
    "contentVersion": "1.0.0.0",
    "parameters": {
        "workspaceName": {
            "value": "abby-dev-databricks-db"
        },
        "location": {
            "value": "eastus2"
        },
        "tier": {
            "value": "premium"
        },
        "tagValues": {
            "value": {
                "Created On": "12/13/2021",
                "Environment": "DEV",
                "Owner": "VSI",
                "Project": "ABBY",
                "Team": "Data & Reporting"
            }
        }
    }
}