{
    "$schema": "https://schema.management.azure.com/schemas/2015-01-01/deploymentParameters.json#",
    "contentVersion": "1.0.0.0",
    "parameters": {
        "name": {
            "value": "abby-dev-da-kv"
        },
        "location": {
            "value": "eastus2"
        },
        "sku": {
            "value": "Standard"
        },
        "accessPolicies": {
            "value": [
                {
                    "objectId": "65b3d936-ec54-41de-9ca5-f7353a05806c",
                    "tenantId": "f33cf203-8c55-49b2-9216-99d3820eba8d",
                    "permissions": {
                        "keys": [
                            "Get",
                            "List",
                            "Update",
                            "Create",
                            "Import",
                            "Delete",
                            "Recover",
                            "Backup",
                            "Restore",
                            "Decrypt",
                            "Encrypt",
                            "UnwrapKey",
                            "WrapKey",
                            "Verify",
                            "Sign",
                            "Purge",
                            "Rotate",
                            "GetRotationPolicy",
                            "SetRotationPolicy"
                        ],
                        "secrets": [
                            "Get",
                            "List",
                            "Set",
                            "Delete",
                            "Recover",
                            "Backup",
                            "Restore",
                            "Purge"
                        ],
                        "certificates": [
                            "Get",
                            "List",
                            "Update",
                            "Create",
                            "Import",
                            "Delete",
                            "Recover",
                            "Backup",
                            "Restore",
                            "ManageContacts",
                            "ManageIssuers",
                            "GetIssuers",
                            "ListIssuers",
                            "SetIssuers",
                            "DeleteIssuers",
                            "Purge"
                        ]
                    },
                    "applicationId": ""
                }
            ]
        },
        "tenant": {
            "value": "f33cf203-8c55-49b2-9216-99d3820eba8d"
        },
        "enabledForDeployment": {
            "value": false
        },
        "enabledForTemplateDeployment": {
            "value": true
        },
        "enabledForDiskEncryption": {
            "value": false
        },
        "enableRbacAuthorization": {
            "value": false
        },
        "enableSoftDelete": {
            "value": true
        },
        "softDeleteRetentionInDays": {
            "value": 90
        },
        "networkAcls": {
            "value": {
                "defaultAction": "allow",
                "bypass": "AzureServices",
                "ipRules": [],
                "virtualNetworkRules": []
            }
        }
    }
}