{
    "$schema": "https://schema.management.azure.com/schemas/2015-01-01/deploymentParameters.json#",
    "contentVersion": "1.0.0.0",
    "parameters": {
        "location": {
            "value": "eastus2"
            
        },
        "storageAccountName": {
            "value": "abbydevdatalakest18533"
			
        },
        "accountType": {
            "value": "Standard_LRS"
			
        },
        "kind": {
            "value": "StorageV2"
			
        },
        "accessTier": {
            "value": "Hot"
			
        },
        "minimumTlsVersion": {
            "value": "TLS1_2"
			
        },
        "supportsHttpsTrafficOnly": {
            "value": true
			
        },
        "allowBlobPublicAccess": {
            "value": true
			

        },
        "allowSharedKeyAccess": {
            "value": true
			
        },
        "allowCrossTenantReplication": {
            "value": false
			
        },
        "defaultOAuth": {
            "value": false
			
        },
        "networkAclsBypass": {
            "value": "AzureServices"
			 

        },
        "networkAclsDefaultAction": {
            "value": "Allow"
			

        },
        "isHnsEnabled": {
            "value": true
			

        },
        "isSftpEnabled": {
            "value": false
			
        },
        "isContainerSoftDeleteEnabled": {
            "value": true
			
        },
        "containerSoftDeleteRetentionDays": {
            "value": 7
			
		
        },
        "isShareSoftDeleteEnabled": {
            "value": true
			
        },
        "shareSoftDeleteRetentionDays": {
            "value": 7
			
        }
    }
}