{
  "$schema": "https://schema.management.azure.com/schemas/2019-04-01/deploymentTemplate.json#",
  "contentVersion": "1.0.0.0",

  "parameters": {
  },

  "variables": {},

  "resources": [
      {
          "type": "Microsoft.Resources/deployments",
          "apiVersion": "2019-10-01",
          "name": "linkedDataLakeTemplate",
          "properties": {
            "mode": "Incremental",
            "templateLink": {
              "uri": "https://csb100320016196a9081.blob.core.windows.net/parent-template/template_datalake.json",
              "contentVersion": "1.0.0.0"
            },
            "parametersLink":{
              "uri": "https://csb100320016196a9081.blob.core.windows.net/parent-template/parameters_datalake.json",
              "contentVersion": "1.0.0.0"
          }
          }
        }
  ],

  "outputs": {}
}