{
    "$schema": "http://schema.management.azure.com/schemas/2015-01-01/deploymentTemplate.json#",
    "contentVersion": "1.0.0.0",
    "parameters": {
        "location": {
            "type": "string"
        },
        "storageAccountName": {
            "type": "string"
        },
        "accountType": {
            "type": "string"
        },
        "kind": {
            "type": "string"
        },
        "accessTier": {
            "type": "string"
        },
        "minimumTlsVersion": {
            "type": "string"
        },
        "supportsHttpsTrafficOnly": {
            "type": "bool"
        },
        "allowBlobPublicAccess": {
            "type": "bool"
        },
        "allowSharedKeyAccess": {
            "type": "bool"
        },
        "allowCrossTenantReplication": {
            "type": "bool"
        },
        "defaultOAuth": {
            "type": "bool"
        },
        "networkAclsBypass": {
            "type": "string"
        },
        "networkAclsDefaultAction": {
            "type": "string"
        },
        "isHnsEnabled": {
            "type": "bool"
        },
        "isSftpEnabled": {
            "type": "bool"
        },
        "isContainerSoftDeleteEnabled": {
            "type": "bool"
        },
        "containerSoftDeleteRetentionDays": {
            "type": "int"
        },
        "isShareSoftDeleteEnabled": {
            "type": "bool"
        },
        "shareSoftDeleteRetentionDays": {
            "type": "int"
        }
    },
    "variables": {},
    "resources": [
        {
            "name": "[parameters('storageAccountName')]",
            "type": "Microsoft.Storage/storageAccounts",
            "apiVersion": "2021-08-01",
            "location": "[parameters('location')]",
            "properties": {
                "accessTier": "[parameters('accessTier')]",
                "minimumTlsVersion": "[parameters('minimumTlsVersion')]",
                "supportsHttpsTrafficOnly": "[parameters('supportsHttpsTrafficOnly')]",
                "allowBlobPublicAccess": "[parameters('allowBlobPublicAccess')]",
                "allowSharedKeyAccess": "[parameters('allowSharedKeyAccess')]",
                "allowCrossTenantReplication": "[parameters('allowCrossTenantReplication')]",
                "defaultToOAuthAuthentication": "[parameters('defaultOAuth')]",
                "networkAcls": {
                    "bypass": "[parameters('networkAclsBypass')]",
                    "defaultAction": "[parameters('networkAclsDefaultAction')]",
                    "ipRules": []
                },
                "isHnsEnabled": "[parameters('isHnsEnabled')]",
                "isSftpEnabled": "[parameters('isSftpEnabled')]"
            },
            "dependsOn": [],
            "sku": {
                "name": "[parameters('accountType')]"
            },
            "kind": "[parameters('kind')]",
            "tags": {
                "Created On": "12/7/2021 ",
                "Environment": "DEV",
                "Owner": "VSI",
                "Project": "ABBY",
                "Team": "Data & Reporting"
            }
        },
        {
            "name": "[concat(parameters('storageAccountName'), '/default')]",
            "type": "Microsoft.Storage/storageAccounts/blobServices",
            "apiVersion": "2021-08-01",
            "properties": {
                "containerDeleteRetentionPolicy": {
                    "enabled": "[parameters('isContainerSoftDeleteEnabled')]",
                    "days": "[parameters('containerSoftDeleteRetentionDays')]"
                }
            },
            "dependsOn": [
                "[concat('Microsoft.Storage/storageAccounts/', parameters('storageAccountName'))]"
            ]
        },
        {
            "name": "[concat(parameters('storageAccountName'), '/default')]",
            "type": "Microsoft.Storage/storageAccounts/fileservices",
            "apiVersion": "2021-08-01",
            "properties": {
                "shareDeleteRetentionPolicy": {
                    "enabled": "[parameters('isShareSoftDeleteEnabled')]",
                    "days": "[parameters('shareSoftDeleteRetentionDays')]"
                }
            },
            "dependsOn": [
                "[concat('Microsoft.Storage/storageAccounts/', parameters('storageAccountName'))]"
            ]
		},

        {
            "name": "[concat(parameters('storageAccountName'), '/default')]",
            "type": "Microsoft.Storage/storageAccounts/queueServices",
            "apiVersion": "2021-04-01",  
            "dependsOn": [
                "[concat('Microsoft.Storage/storageAccounts/', parameters('storageAccountName'))]"
            ]
        },

        {

            "type": "Microsoft.Storage/storageAccounts/queueServices/queues",
            "apiVersion": "2021-08-01",
            "name": "[concat(parameters('storageAccountName'), '/default/abby-dev-queue')]",
            "dependsOn": [
                "[resourceId('Microsoft.Storage/storageAccounts', parameters('storageAccountName'))]",
                "[resourceId('Microsoft.Storage/storageAccounts/queueServices', parameters('storageAccountName'), 'default')]"
            ],
            "properties": {
                "metadata": {}
            }
        },

		{
          "type": "Microsoft.Resources/deployments",
          "apiVersion": "2019-10-01",
          "name": "linkedKeyVaultTemplate",
          "properties": {
            "mode": "Incremental",
            "templateLink": {
              "uri": "https://csb100320016196a9081.blob.core.windows.net/parent-template/template_keyvault.json",
              "contentVersion": "1.0.0.0"
            },
            "parametersLink":{
              "uri": "https://csb100320016196a9081.blob.core.windows.net/parent-template/parameters_keyvault.json",
              "contentVersion": "1.0.0.0"
          }
          }
        }
    ],
    "outputs": {}
}