{
    "$schema": "http://schema.management.azure.com/schemas/2015-01-01/deploymentTemplate.json#",
    "contentVersion": "1.0.0.0",
    "parameters": {
        "name": {
            "type": "string"
        },
        "location": {
            "type": "string"
        },
        "sku": {
            "type": "string"
        },
        "accessPolicies": {
            "type": "array"
        },
        "tenant": {
            "type": "string"
        },
        "enabledForDeployment": {
            "type": "bool"
        },
        "enabledForTemplateDeployment": {
            "type": "bool"
        },
        "enabledForDiskEncryption": {
            "type": "bool"
        },
        "enableRbacAuthorization": {
            "type": "bool"
        },
        "enableSoftDelete": {
            "type": "bool"
        },
        "softDeleteRetentionInDays": {
            "type": "int"
        },
        "networkAcls": {
            "type": "object"
        }
    },
    "variables": {},
    "resources": [
        {
            "apiVersion": "2019-09-01",
            "name": "[parameters('name')]",
            "location": "[parameters('location')]",
            "type": "Microsoft.KeyVault/vaults",
            "properties": {
                "enabledForDeployment": "[parameters('enabledForDeployment')]",
                "enabledForTemplateDeployment": "[parameters('enabledForTemplateDeployment')]",
                "enabledForDiskEncryption": "[parameters('enabledForDiskEncryption')]",
                "enableRbacAuthorization": "[parameters('enableRbacAuthorization')]",
                "accessPolicies": "[parameters('accessPolicies')]",
                "tenantId": "[parameters('tenant')]",
                "sku": {
                    "name": "[parameters('sku')]",
                    "family": "A"
                },
                "enableSoftDelete": "[parameters('enableSoftDelete')]",
                "softDeleteRetentionInDays": "[parameters('softDeleteRetentionInDays')]",
                "networkAcls": "[parameters('networkAcls')]"
            },
            "tags": {
                "Created On": "12/7/2021 ",
                "Owner": "VSI",
                "Environment": "DEV",
                "Project": "ABBY",
                "Team": "Data & Reporting"
            }
        },
        
		{
          "type": "Microsoft.Resources/deployments",
          "apiVersion": "2019-10-01",
          "name": "linkedSynpaseTemplate",
          "properties": {
            "mode": "Incremental",
            "templateLink": {
              "uri": "https://csb100320016196a9081.blob.core.windows.net/parent-template/template_synapse.json",
              "contentVersion": "1.0.0.0"
            },
            "parametersLink":{
              "uri": "https://csb100320016196a9081.blob.core.windows.net/parent-template/parameters_synapse.json",
              "contentVersion": "1.0.0.0"
          }
          }
        }
    ],
    "outputs": {}
}